<?xml version="1.0" encoding="UTF-8"?>
<project-private xmlns="http://www.netbeans.org/ns/project-private/1">
    <editor-bookmarks xmlns="http://www.netbeans.org/ns/editor-bookmarks/2" lastBookmarkId="0"/>
    <open-files xmlns="http://www.netbeans.org/ns/projectui-open-files/2">
        <group>
            <file>file:/C:/Users/USER/Downloads/PROJECT_ECU3.X%20(1)/PROJECT_ECU3.X/main.c</file>
            <file>file:/C:/Users/USER/Downloads/PROJECT_ECU3.X%20(1)/PROJECT_ECU3.X/clcd.c</file>
            <file>file:/C:/Users/USER/Downloads/PROJECT_ECU3.X%20(1)/PROJECT_ECU3.X/fun.c</file>
            <file>file:/C:/Users/USER/Downloads/PROJECT_ECU3.X%20(1)/PROJECT_ECU3.X/can.c</file>
            <file>file:/C:/Users/USER/Downloads/PROJECT_ECU3.X%20(1)/PROJECT_ECU3.X/msg_id.h</file>
        </group>
    </open-files>
</project-private>
